outcome,organization,rel_time,beta,se,ci95_lb,ci95_ub,side
policy_count,eu,-5,.2060244786510162,2.6619921,-5.011384,5.4234328,pre
policy_count,eu,-4,1.153851943931178,3.3034413,-5.3207741,7.6284781,pre
policy_count,eu,-3,2.948812778256826,3.4971435,-3.9054625,9.8030882,pre
policy_count,eu,-2,1.916659971377309,3.0456698,-4.052743,7.8860631,pre
policy_count,eu,0,4.452692926318855,3.4515665,-2.312253,11.217639,post
policy_count,eu,1,-.7415779249712913,1.7423371,-4.156496,2.6733401,post
policy_count,eu,2,-.9257209713065995,1.7864138,-4.4270277,2.5755858,post
policy_count,eu,3,-.8515030270327771,1.8674762,-4.5116892,2.8086832,post
policy_count,eu,4,-.1434389151610246,1.6595032,-3.3960054,3.1091278,post
policy_count,eu,5,.1922404202394012,1.9152695,-3.5616188,3.9460998,post
policy_count,eu,6,-.8146780846893767,1.6922355,-4.1313987,2.5020425,post
policy_count,eu,7,-.1908555642056914,1.88086,-3.8772733,3.4955623,post
policy_count,eu,8,-.8189587756276701,1.7730128,-4.2940001,2.6560824,post
policy_count,eu,9,-1.455711156235681,1.6572366,-4.703835,1.7924129,post
policy_count,eu,10,-1.420783842631154,1.4740999,-4.3099666,1.4683988,post
policy_count,oecd,-5,-3.260404397042593,1.0923231,-5.4013186,-1.1194905,pre
policy_count,oecd,-4,-3.052213387114313,1.2203127,-5.4439821,-.66044444,pre
policy_count,oecd,-3,-3.558428706898833,1.0046589,-5.527524,-1.5893333,pre
policy_count,oecd,-2,-3.580145663179347,.95643908,-5.4547319,-1.7055595,pre
policy_count,oecd,0,-2.953237019921762,1.2193546,-5.3431282,-.56334591,post
policy_count,oecd,1,-3.02813223092535,1.2004492,-5.3809695,-.67529511,post
policy_count,oecd,2,-3.276338273454512,1.0842468,-5.401423,-1.1512536,post
policy_count,oecd,3,-2.684328332969776,1.2634037,-5.1605539,-.20810263,post
policy_count,oecd,4,-4.251281926600927,.85522652,-5.927495,-2.5750687,post
policy_count,oecd,5,-4.119507305241842,.90275818,-5.8888807,-2.3501337,post
policy_count,oecd,6,-3.169696754241738,1.1766438,-5.4758763,-.86351717,post
policy_count,oecd,7,-3.069973770398786,1.2454041,-5.510921,-.62902653,post
policy_count,oecd,8,-2.111590386483272,1.7347533,-5.5116444,1.2884635,post
policy_count,oecd,9,-3.105286111802711,1.0731907,-5.2087011,-1.0018709,post
policy_count,oecd,10,-3.06028944300213,1.2513335,-5.5128579,-.60772085,post
strategy_fs,eu,-5,.0032852479645672,.01404299,-.024238506,.030809002,pre
strategy_fs,eu,-4,-.0039594514709081,.016099561,-.035514012,.027595108,pre
strategy_fs,eu,-3,-.0073145944695973,.017180787,-.040988319,.026359132,pre
strategy_fs,eu,-2,.0074483365868929,.011728672,-.015539438,.030436112,pre
strategy_fs,eu,0,.0032923735355855,.0099717332,-.016251864,.022836611,post
strategy_fs,eu,1,.0202566743597669,.014811607,-.0087735411,.049286891,post
strategy_fs,eu,2,.0081839378563077,.013322233,-.01792716,.034295037,post
strategy_fs,eu,3,.0224744856098672,.015851183,-.0085932612,.053542234,post
strategy_fs,eu,4,.0031330555085874,.015181727,-.026622582,.032888696,post
strategy_fs,eu,5,-.0021542855659365,.01699635,-.035466518,.031157948,post
strategy_fs,eu,6,.0179498389350406,.010131823,-.0019081697,.037807848,post
strategy_fs,eu,7,.0017829810752693,.015619167,-.028830023,.032395985,post
strategy_fs,eu,8,.0316070535103478,.020590676,-.0087499293,.071964033,post
strategy_fs,eu,9,.0100435619690433,.013077481,-.01558783,.035674952,post
strategy_fs,eu,10,.0029515472856259,.011939464,-.020449372,.026352467,post
strategy_fs,oecd,-5,-.0009905246074802,.014210762,-.028843109,.026862059,pre
strategy_fs,oecd,-4,.0749882643938196,.045021214,-.013251695,.16322823,pre
strategy_fs,oecd,-3,.0247817945152642,.025538186,-.025272131,.074835718,pre
strategy_fs,oecd,-2,.0213650757741502,.016489442,-.010953638,.053683791,pre
strategy_fs,oecd,0,-.0118226793410897,.024241323,-.0593348,.03568944,post
strategy_fs,oecd,1,.0159744749717216,.028779967,-.040433221,.072382174,post
strategy_fs,oecd,2,-.006468949232842,.021430302,-.04847157,.035533674,post
strategy_fs,oecd,3,-.038359428857167,.019102154,-.075798966,-.00091989356,post
strategy_fs,oecd,4,.0043676925640824,.023826748,-.042331874,.051067259,post
strategy_fs,oecd,5,.0329468826088411,.018827699,-.0039547309,.069848493,post
strategy_fs,oecd,6,-.0021881007865199,.018723529,-.038885541,.034509338,post
strategy_fs,oecd,7,-.0052793785674279,.029001394,-.062121067,.051562309,post
strategy_fs,oecd,8,-.0404241757773571,.015991127,-.071766213,-.0090821423,post
strategy_fs,oecd,9,-.0265443847004062,.020309702,-.066350669,.013261899,post
strategy_fs,oecd,10,.0085696052996092,.012878531,-.016671851,.033811063,post
strategy_nut,eu,-5,.013613834592726,.014925466,-.015639542,.04286721,pre
strategy_nut,eu,-4,-.0002217635202157,.016354589,-.032276168,.031832639,pre
strategy_nut,eu,-3,.0005936092319296,.015717324,-.03021178,.031398997,pre
strategy_nut,eu,-2,.0192044582768281,.012850309,-.0059816847,.0443906,pre
strategy_nut,eu,0,.0093354020886797,.011033411,-.012289687,.030960491,post
strategy_nut,eu,1,.0263620179099812,.014679185,-.0024086561,.055132691,post
strategy_nut,eu,2,.0037427215587671,.01304368,-.021822423,.029307866,post
strategy_nut,eu,3,.0256184362252258,.01179581,.0024990716,.048737802,post
strategy_nut,eu,4,.013360499150419,.019545086,-.024947166,.051668163,post
strategy_nut,eu,5,.0012846754706333,.013123485,-.024436884,.027006233,post
strategy_nut,eu,6,.018225554282519,.0065558292,.005376365,.031074744,post
strategy_nut,eu,7,.0067171735770088,.01800972,-.028581232,.042015579,post
strategy_nut,eu,8,.0577155693131398,.026259976,.0062469621,.10918418,post
strategy_nut,eu,9,.0140448890638099,.016143722,-.017596228,.045686007,post
strategy_nut,eu,10,.0069840240535472,.014357873,-.02115689,.035124939,post
strategy_nut,oecd,-5,.0074148584463822,.026705727,-.044927407,.059757121,pre
strategy_nut,oecd,-4,.0587640406550076,.067205235,-.072955802,.19048388,pre
strategy_nut,oecd,-3,.0042429191105999,.017702915,-.030454157,.038939994,pre
strategy_nut,oecd,-2,.0521518370397173,.037917033,-.022164181,.12646785,pre
strategy_nut,oecd,0,-.0284036228272339,.030449197,-.088082954,.031275708,post
strategy_nut,oecd,1,-.0015604105582203,.020474311,-.041689321,.0385685,post
strategy_nut,oecd,2,.0223447321445365,.0286816,-.033870172,.078559637,post
strategy_nut,oecd,3,-.0428988514932698,.0220335,-.086083718,.00028601309,post
strategy_nut,oecd,4,-.0134286772429304,.024291903,-.061039932,.034182578,post
strategy_nut,oecd,5,.0636924241176362,.026586087,.011584651,.11580019,post
strategy_nut,oecd,6,-.0124069374270749,.016337456,-.044427764,.019613888,post
strategy_nut,oecd,7,-.025866344071863,.022305189,-.069583707,.017851021,post
strategy_nut,oecd,8,-.0401477593248899,.017601641,-.074646339,-.0056491769,post
strategy_nut,oecd,9,-.0059731505171617,.029302308,-.06340462,.051458322,post
strategy_nut,oecd,10,-.0145585189315112,.019765092,-.053297389,.024180351,post
